emp_id,emp_name,dob,role,dept
1,employee1,22031999,Project Manager,DT Labs
2,employee2,26031989,Developer,HVX
3,employee3,19071991,QA,AVX
4,employee4,22031999,BA,DT Labs
5,employee5,26031989,Architect,DT Labs
6,employee6,19071991,Sales,Marketing
7,employee7,22032000,Marketing,Marketing
8,employee8,26031990,Project Manager,DT Labs
9,employee9,19071992,Developer,HVX
10,employee10,22032000,QA,AVX
11,employee11,26031990,BA,DT Labs
12,employee12,19071992,Architect,DT Labs
13,employee13,22032000,Sales,Marketing
14,employee14,26031990,Marketing,Marketing
15,employee15,19071992,Project Manager,DT Labs
16,employee16,22032000,Developer,HVX
17,employee17,26031990,QA,AVX
18,employee18,19071992,BA,DT Labs
19,employee19,22032001,Architect,DT Labs
20,employee20,26031991,Sales,Marketing
21,employee21,19071993,Marketing,Marketing
22,employee22,22032001,Project Manager,DT Labs
23,employee23,26031991,Developer,HVX
24,employee24,19071993,QA,AVX
25,employee25,22032001,BA,DT Labs
26,employee26,26031991,Architect,DT Labs
27,employee27,19071993,Sales,Marketing
28,employee28,22032001,Marketing,Marketing
29,employee29,26031991,Project Manager,DT Labs
30,employee30,19071993,Developer,HVX
31,employee31,22032002,QA,AVX
32,employee32,26031992,BA,DT Labs
33,employee33,19071994,Architect,DT Labs
34,employee34,22032002,Sales,Marketing
35,employee35,26031992,Marketing,Marketing
36,employee36,19071994,Project Manager,DT Labs
37,employee37,22032002,Developer,HVX
38,employee38,26031992,QA,AVX
39,employee39,19071994,BA,DT Labs
40,employee40,22032002,Architect,DT Labs
41,employee41,26031992,Sales,Marketing
42,employee42,19071994,Marketing,Marketing
43,employee43,22032003,Project Manager,DT Labs
44,employee44,26031993,Developer,HVX
45,employee45,19071995,QA,AVX
46,employee46,22032003,BA,DT Labs
47,employee47,26031993,Architect,DT Labs
48,employee48,19071995,Sales,Marketing
49,employee49,22032003,Marketing,Marketing
50,employee50,26031993,Project Manager,DT Labs
51,employee51,19071995,Developer,HVX
52,employee52,22032003,QA,AVX
53,employee53,26031993,BA,DT Labs
54,employee54,19071995,Architect,DT Labs
55,employee55,22032004,Sales,Marketing
56,employee56,26031994,Marketing,Marketing
57,employee57,19071996,Project Manager,DT Labs
58,employee58,22032004,Developer,HVX
59,employee59,26031994,QA,AVX
60,employee60,19071996,BA,DT Labs
61,employee61,22032004,Architect,DT Labs
62,employee62,26031994,Sales,Marketing
63,employee63,19071996,Marketing,Marketing
64,employee64,22032004,Project Manager,DT Labs
65,employee65,26031994,Developer,HVX
66,employee66,19071996,QA,AVX
67,employee67,22032005,BA,DT Labs
68,employee68,26031995,Architect,DT Labs
69,employee69,19071997,Sales,Marketing
70,employee70,22032005,Marketing,Marketing
71,employee71,26031995,Project Manager,DT Labs
72,employee72,19071997,Developer,HVX
73,employee73,22032005,QA,AVX
74,employee74,26031995,BA,DT Labs
75,employee75,19071997,Architect,DT Labs
76,employee76,22032005,Sales,Marketing
77,employee77,26031995,Marketing,Marketing
78,employee78,19071997,Project Manager,DT Labs
79,employee79,22032006,Developer,HVX
80,employee80,26031996,QA,AVX
81,employee81,19071998,BA,DT Labs
82,employee82,22032006,Architect,DT Labs
83,employee83,26031996,Sales,Marketing
84,employee84,19071998,Marketing,Marketing
85,employee85,22032006,Project Manager,DT Labs
86,employee86,26031996,Developer,HVX
87,employee87,19071998,QA,AVX
88,employee88,22032006,BA,DT Labs
89,employee89,26031996,Architect,DT Labs
90,employee90,19071998,Sales,Marketing
91,employee91,22032007,Marketing,Marketing
92,employee92,26031997,Project Manager,DT Labs
93,employee93,19071999,Developer,HVX
94,employee94,22032007,QA,AVX
95,employee95,26031997,BA,DT Labs
96,employee96,19071999,Architect,DT Labs
97,employee97,22032007,Sales,Marketing
98,employee98,26031997,Marketing,Marketing
99,employee99,19071999,Project Manager,DT Labs
100,employee100,22032007,Developer,HVX
101,employee101,26031997,QA,AVX
102,employee102,19071999,BA,DT Labs
103,employee103,22032008,Architect,DT Labs
104,employee104,26031998,Sales,Marketing
105,employee105,19072000,Marketing,Marketing
106,employee106,22032008,Project Manager,DT Labs
107,employee107,26031998,Developer,HVX
108,employee108,19072000,QA,AVX
109,employee109,22032008,BA,DT Labs
110,employee110,26031998,Architect,DT Labs
111,employee111,19072000,Sales,Marketing
112,employee112,22032008,Marketing,Marketing
113,employee113,26031998,Project Manager,DT Labs
114,employee114,19072000,Developer,HVX
115,employee115,22032009,QA,AVX
116,employee116,26031999,BA,DT Labs
117,employee117,19072001,Architect,DT Labs
118,employee118,22032009,Sales,Marketing
119,employee119,26031999,Marketing,Marketing
120,employee120,19072001,Project Manager,DT Labs
121,employee121,22032009,Developer,HVX
122,employee122,26031999,QA,AVX
123,employee123,19072001,BA,DT Labs
124,employee124,22032009,Architect,DT Labs
125,employee125,26031999,Sales,Marketing
126,employee126,19072001,Marketing,Marketing
127,employee127,22032010,Project Manager,DT Labs
128,employee128,26032000,Developer,HVX
129,employee129,19072002,QA,AVX
130,employee130,22032010,BA,DT Labs
131,employee131,26032000,Architect,DT Labs
132,employee132,19072002,Sales,Marketing
133,employee133,22032010,Marketing,Marketing
134,employee134,26032000,Project Manager,DT Labs
135,employee135,19072002,Developer,HVX
136,employee136,22032010,QA,AVX
137,employee137,26032000,BA,DT Labs
138,employee138,19072002,Architect,DT Labs
139,employee139,22032011,Sales,Marketing
140,employee140,26032001,Marketing,Marketing
141,employee141,19072003,Project Manager,DT Labs
142,employee142,22032011,Developer,HVX
143,employee143,26032001,QA,AVX
144,employee144,19072003,BA,DT Labs
145,employee145,22032011,Architect,DT Labs
146,employee146,26032001,Sales,Marketing
147,employee147,19072003,Marketing,Marketing
148,employee148,22032011,Project Manager,DT Labs
149,employee149,26032001,Developer,HVX
150,employee150,19072003,QA,AVX
151,employee151,22032012,BA,DT Labs
152,employee152,26032002,Architect,DT Labs
153,employee153,19072004,Sales,Marketing
154,employee154,22032012,Marketing,Marketing
155,employee155,26032002,Project Manager,DT Labs
156,employee156,19072004,Developer,HVX
157,employee157,22032012,QA,AVX
158,employee158,26032002,BA,DT Labs
159,employee159,19072004,Architect,DT Labs
160,employee160,22032012,Sales,Marketing
161,employee161,26032002,Marketing,Marketing
162,employee162,19072004,Project Manager,DT Labs
163,employee163,22032013,Developer,HVX
164,employee164,26032003,QA,AVX
165,employee165,19072005,BA,DT Labs
166,employee166,22032013,Architect,DT Labs
167,employee167,26032003,Sales,Marketing
168,employee168,19072005,Marketing,Marketing
169,employee169,22032013,Project Manager,DT Labs
170,employee170,26032003,Developer,HVX
171,employee171,19072005,QA,AVX
172,employee172,22032013,BA,DT Labs
173,employee173,26032003,Architect,DT Labs
174,employee174,19072005,Sales,Marketing
175,employee175,22032014,Marketing,Marketing
176,employee176,26032004,Project Manager,DT Labs
177,employee177,19072006,Developer,HVX
178,employee178,22032014,QA,AVX
179,employee179,26032004,BA,DT Labs
180,employee180,19072006,Architect,DT Labs
181,employee181,22032014,Sales,Marketing
182,employee182,26032004,Marketing,Marketing
183,employee183,19072006,Project Manager,DT Labs
184,employee184,22032014,Developer,HVX
185,employee185,26032004,QA,AVX
186,employee186,19072006,BA,DT Labs
187,employee187,22032015,Architect,DT Labs
188,employee188,26032005,Sales,Marketing
189,employee189,19072007,Marketing,Marketing
190,employee190,22032015,Project Manager,DT Labs
191,employee191,26032005,Developer,HVX
192,employee192,19072007,QA,AVX
193,employee193,22032015,BA,DT Labs
194,employee194,26032005,Architect,DT Labs
195,employee195,19072007,Sales,Marketing
196,employee196,22032015,Marketing,Marketing
197,employee197,26032005,Project Manager,DT Labs
198,employee198,19072007,Developer,HVX
199,employee199,22032016,QA,AVX
200,employee200,26032006,BA,DT Labs
